{"cameraMode":{"drawMode":0,"name":"Shaded","section":"Shading Mode"},"sceneLighting":false,"audioPlay":false,"sceneViewState":{"showFog":false,"showMaterialUpdate":false,"showSkybox":false,"showFlares":false,"showImageEffects":false,"showParticleSystems":false},"in2DMode":false,"pivot":{"x":3.8299999237060549,"y":-0.3590056300163269,"z":0.0},"rotation":{"x":-0.15523096919059754,"y":0.041477203369140628,"z":-0.006523439195007086,"w":-0.9869855642318726},"size":7.765498161315918,"orthographic":false}